Employee_Name,Employee_EmailID,Secret_Child_Name,Secret_Child_EmailID
Hamish,Murray,hamish.murray@acme.com,Charlie,Ross,charlie.ross.jr@acme.com
Layla,Graham,layla.graham@acme.com,Piper,Stewart,piper.stewart@acme.com
Matthew,King,matthew.king@acme.com,Hamish,Murray,hamish.murray.jr@acme.com
Benjamin,Collins,benjamin.collins@acme.com,Charlie,Wright,charlie.wright@acme.com
Isabella,Scott,isabella.scott@acme.com,Hamish,Murray,hamish.murray@acme.com
Charlie,Ross,charlie.ross@acme.com,Benjamin,Collins,benjamin.collins@acme.com
Hamish,Murray,hamish.murray.sr@acme.com,Matthew,King,matthew.king.jr@acme.com
Piper,Stewart,piper.stewart@acme.com,Spencer,Allen,spencer.allen@acme.com
Spencer,Allen,spencer.allen@acme.com,Charlie,Ross,charlie.ross@acme.com
Charlie,Wright,charlie.wright@acme.com,Layla,Graham,layla.graham@acme.com
Hamish,Murray,hamish.murray.jr@acme.com,Matthew,King,matthew.king@acme.com
Charlie,Ross,charlie.ross.jr@acme.com,Mark,Lawrence,mark.lawrence@acme.com
Ethan,Murray,ethan.murray@acme.com,Isabella,Scott,isabella.scott@acme.com
Matthew,King,matthew.king.jr@acme.com,Hamish,Murray,hamish.murray.sr@acme.com
Mark,Lawrence,mark.lawrence@acme.com,Ethan,Murray,ethan.murray@acme.com
